"","controller","condition","item","accuracy","rt","subject","group"
"12","PictureAccept",-0.5,17,1,1476,"Native 1","Native"
"20","PictureAccept",-0.5,13,0,2984,"Native 1","Native"
"32","PictureAccept",-0.5,4,1,2039,"Native 1","Native"
"36","PictureAccept",-0.5,11,1,2446,"Native 1","Native"
"80","PictureAccept",-0.5,2,1,2503,"Native 1","Native"
"96","PictureAccept",-0.5,10,0,4702,"Native 1","Native"
"104","PictureAccept",-0.5,16,0,1578,"Native 1","Native"
"116","PictureAccept",-0.5,7,0,2354,"Native 1","Native"
"144","PictureAccept",-0.5,1,1,1425,"Native 1","Native"
"204","PictureAccept",-0.5,8,1,1786,"Native 1","Native"
"208","PictureAccept",-0.5,14,1,1961,"Native 1","Native"
"212","PictureAccept",-0.5,5,1,1362,"Native 1","Native"
"244","PictureAccept",-0.5,15,0,8773,"Native 2","Native"
"268","PictureAccept",-0.5,3,0,1875,"Native 2","Native"
"284","PictureAccept",-0.5,10,1,3389,"Native 2","Native"
"288","PictureAccept",-0.5,1,1,5060,"Native 2","Native"
"292","PictureAccept",-0.5,18,0,2659,"Native 2","Native"
"324","PictureAccept",-0.5,12,1,1932,"Native 2","Native"
"340","PictureAccept",-0.5,7,1,3006,"Native 2","Native"
"356","PictureAccept",-0.5,9,1,1648,"Native 2","Native"
"372","PictureAccept",-0.5,4,1,3202,"Native 2","Native"
"380","PictureAccept",-0.5,6,0,2345,"Native 2","Native"
"408","PictureAccept",-0.5,13,1,3022,"Native 2","Native"
"436","PictureAccept",-0.5,16,1,2808,"Native 2","Native"
"488","PictureAccept",-0.5,3,1,1881,"Native 3","Native"
"496","PictureAccept",-0.5,5,1,1501,"Native 3","Native"
"504","PictureAccept",-0.5,11,1,2324,"Native 3","Native"
"524","PictureAccept",-0.5,18,1,3751,"Native 3","Native"
"532","PictureAccept",-0.5,8,1,1994,"Native 3","Native"
"564","PictureAccept",-0.5,12,1,2430,"Native 3","Native"
"588","PictureAccept",-0.5,14,1,2168,"Native 3","Native"
"604","PictureAccept",-0.5,17,1,1839,"Native 3","Native"
"640","PictureAccept",-0.5,6,1,2399,"Native 3","Native"
"648","PictureAccept",-0.5,9,1,1440,"Native 3","Native"
"664","PictureAccept",-0.5,15,0,6644,"Native 3","Native"
"672","PictureAccept",-0.5,2,1,1723,"Native 3","Native"
"688","PictureAccept",-0.5,14,0,791,"Native 4","Native"
"732","PictureAccept",-0.5,17,0,1430,"Native 4","Native"
"736","PictureAccept",-0.5,11,0,958,"Native 4","Native"
"752","PictureAccept",-0.5,2,1,843,"Native 4","Native"
"756","PictureAccept",-0.5,8,0,964,"Native 4","Native"
"780","PictureAccept",-0.5,5,0,992,"Native 4","Native"
"816","PictureAccept",-0.5,1,1,884,"Native 4","Native"
"824","PictureAccept",-0.5,4,1,1409,"Native 4","Native"
"836","PictureAccept",-0.5,10,0,1282,"Native 4","Native"
"860","PictureAccept",-0.5,7,0,1662,"Native 4","Native"
"884","PictureAccept",-0.5,13,0,943,"Native 4","Native"
"892","PictureAccept",-0.5,16,0,3044,"Native 4","Native"
"908","PictureAccept",-0.5,6,1,2046,"Native 5","Native"
"912","PictureAccept",-0.5,16,0,2744,"Native 5","Native"
"940","PictureAccept",-0.5,15,0,2656,"Native 5","Native"
"972","PictureAccept",-0.5,12,1,1143,"Native 5","Native"
"980","PictureAccept",-0.5,3,1,1908,"Native 5","Native"
"1008","PictureAccept",-0.5,9,1,1112,"Native 5","Native"
"1020","PictureAccept",-0.5,7,1,1205,"Native 5","Native"
"1024","PictureAccept",-0.5,18,1,1557,"Native 5","Native"
"1080","PictureAccept",-0.5,1,1,2002,"Native 5","Native"
"1084","PictureAccept",-0.5,13,1,1360,"Native 5","Native"
"1112","PictureAccept",-0.5,4,1,1000,"Native 5","Native"
"1116","PictureAccept",-0.5,10,1,1114,"Native 5","Native"
"1132","PictureAccept",-0.5,11,0,1433,"Native 6","Native"
"1136","PictureAccept",-0.5,6,1,1203,"Native 6","Native"
"1196","PictureAccept",-0.5,5,1,1390,"Native 6","Native"
"1200","PictureAccept",-0.5,9,1,1199,"Native 6","Native"
"1220","PictureAccept",-0.5,18,0,1278,"Native 6","Native"
"1236","PictureAccept",-0.5,3,0,1201,"Native 6","Native"
"1244","PictureAccept",-0.5,12,0,993,"Native 6","Native"
"1252","PictureAccept",-0.5,17,1,946,"Native 6","Native"
"1256","PictureAccept",-0.5,15,0,1182,"Native 6","Native"
"1300","PictureAccept",-0.5,14,1,1006,"Native 6","Native"
"1312","PictureAccept",-0.5,2,0,1161,"Native 6","Native"
"1340","PictureAccept",-0.5,8,1,1223,"Native 6","Native"
"1358","PictureAccept",-0.5,4,1,2590,"Native 7","Native"
"1362","PictureAccept",-0.5,16,1,1536,"Native 7","Native"
"1414","PictureAccept",-0.5,13,0,3389,"Native 7","Native"
"1418","PictureAccept",-0.5,8,1,1240,"Native 7","Native"
"1422","PictureAccept",-0.5,7,1,1638,"Native 7","Native"
"1454","PictureAccept",-0.5,17,0,3839,"Native 7","Native"
"1490","PictureAccept",-0.5,11,0,1554,"Native 7","Native"
"1498","PictureAccept",-0.5,2,1,1308,"Native 7","Native"
"1510","PictureAccept",-0.5,1,1,3618,"Native 7","Native"
"1518","PictureAccept",-0.5,14,0,3862,"Native 7","Native"
"1530","PictureAccept",-0.5,10,1,1411,"Native 7","Native"
"1546","PictureAccept",-0.5,5,1,1115,"Native 7","Native"
"1586","PictureAccept",-0.5,13,1,3778,"Native 8","Native"
"1602","PictureAccept",-0.5,18,0,1573,"Native 8","Native"
"1606","PictureAccept",-0.5,16,0,2012,"Native 8","Native"
"1618","PictureAccept",-0.5,1,1,3506,"Native 8","Native"
"1650","PictureAccept",-0.5,6,0,2566,"Native 8","Native"
"1654","PictureAccept",-0.5,7,1,2240,"Native 8","Native"
"1678","PictureAccept",-0.5,4,0,3006,"Native 8","Native"
"1694","PictureAccept",-0.5,12,1,3070,"Native 8","Native"
"1706","PictureAccept",-0.5,15,0,4807,"Native 8","Native"
"1742","PictureAccept",-0.5,9,1,1444,"Native 8","Native"
"1758","PictureAccept",-0.5,10,1,2566,"Native 8","Native"
"1766","PictureAccept",-0.5,3,1,1785,"Native 8","Native"
"1814","PictureAccept",-0.5,8,1,1236,"Native 9","Native"
"1822","PictureAccept",-0.5,12,1,1423,"Native 9","Native"
"1866","PictureAccept",-0.5,2,1,1102,"Native 9","Native"
"1874","PictureAccept",-0.5,6,1,1255,"Native 9","Native"
"1898","PictureAccept",-0.5,17,0,1070,"Native 9","Native"
"1914","PictureAccept",-0.5,14,1,1081,"Native 9","Native"
"1950","PictureAccept",-0.5,18,1,1727,"Native 9","Native"
"1954","PictureAccept",-0.5,5,1,1012,"Native 9","Native"
"1978","PictureAccept",-0.5,3,1,748,"Native 9","Native"
"1990","PictureAccept",-0.5,11,0,857,"Native 9","Native"
"1994","PictureAccept",-0.5,9,0,1427,"Native 9","Native"
"2010","PictureAccept",-0.5,15,1,1382,"Native 9","Native"
"2052","PictureAccept",-0.5,5,1,2645,"Native 10","Native"
"2060","PictureAccept",-0.5,8,1,1762,"Native 10","Native"
"2072","PictureAccept",-0.5,2,1,2401,"Native 10","Native"
"2084","PictureAccept",-0.5,13,1,2540,"Native 10","Native"
"2088","PictureAccept",-0.5,10,1,9896,"Native 10","Native"
"2096","PictureAccept",-0.5,7,1,6417,"Native 10","Native"
"2108","PictureAccept",-0.5,1,1,2834,"Native 10","Native"
"2160","PictureAccept",-0.5,14,1,3227,"Native 10","Native"
"2188","PictureAccept",-0.5,17,1,1118,"Native 10","Native"
"2200","PictureAccept",-0.5,11,0,9015,"Native 10","Native"
"2208","PictureAccept",-0.5,16,1,1421,"Native 10","Native"
"2216","PictureAccept",-0.5,4,1,1793,"Native 10","Native"
"2264","PictureAccept",-0.5,18,1,3760,"Native 11","Native"
"2276","PictureAccept",-0.5,9,1,2926,"Native 11","Native"
"2280","PictureAccept",-0.5,1,1,2922,"Native 11","Native"
"2284","PictureAccept",-0.5,10,1,1713,"Native 11","Native"
"2300","PictureAccept",-0.5,15,1,3929,"Native 11","Native"
"2320","PictureAccept",-0.5,16,1,1940,"Native 11","Native"
"2344","PictureAccept",-0.5,7,1,2692,"Native 11","Native"
"2360","PictureAccept",-0.5,13,1,2344,"Native 11","Native"
"2396","PictureAccept",-0.5,4,1,1609,"Native 11","Native"
"2412","PictureAccept",-0.5,12,1,2078,"Native 11","Native"
"2436","PictureAccept",-0.5,3,1,1643,"Native 11","Native"
"2460","PictureAccept",-0.5,6,1,2222,"Native 11","Native"
"2480","PictureAccept",-0.5,17,1,797,"Native 12","Native"
"2484","PictureAccept",-0.5,18,1,2109,"Native 12","Native"
"2500","PictureAccept",-0.5,2,1,2301,"Native 12","Native"
"2568","PictureAccept",-0.5,8,1,3014,"Native 12","Native"
"2572","PictureAccept",-0.5,3,1,2162,"Native 12","Native"
"2576","PictureAccept",-0.5,9,0,2114,"Native 12","Native"
"2600","PictureAccept",-0.5,14,0,2005,"Native 12","Native"
"2620","PictureAccept",-0.5,11,1,1640,"Native 12","Native"
"2652","PictureAccept",-0.5,5,1,1337,"Native 12","Native"
"2660","PictureAccept",-0.5,6,1,2725,"Native 12","Native"
"2680","PictureAccept",-0.5,12,1,1121,"Native 12","Native"
"2688","PictureAccept",-0.5,15,0,2559,"Native 12","Native"
"2706","PictureAccept",-0.5,5,1,2469,"Native 13","Native"
"2710","PictureAccept",-0.5,1,0,4361,"Native 13","Native"
"2746","PictureAccept",-0.5,8,0,2023,"Native 13","Native"
"2770","PictureAccept",-0.5,14,0,3467,"Native 13","Native"
"2782","PictureAccept",-0.5,11,1,2049,"Native 13","Native"
"2790","PictureAccept",-0.5,10,1,1995,"Native 13","Native"
"2810","PictureAccept",-0.5,7,0,886,"Native 13","Native"
"2818","PictureAccept",-0.5,2,1,2773,"Native 13","Native"
"2870","PictureAccept",-0.5,17,1,1374,"Native 13","Native"
"2894","PictureAccept",-0.5,16,0,2102,"Native 13","Native"
"2898","PictureAccept",-0.5,4,1,2569,"Native 13","Native"
"2906","PictureAccept",-0.5,13,1,2913,"Native 13","Native"
"2944","PictureAccept",-0.5,10,0,2792,"Native 14","Native"
"2960","PictureAccept",-0.5,13,1,2712,"Native 14","Native"
"2972","PictureAccept",-0.5,9,1,1269,"Native 14","Native"
"2976","PictureAccept",-0.5,16,1,1715,"Native 14","Native"
"2992","PictureAccept",-0.5,3,1,3923,"Native 14","Native"
"2996","PictureAccept",-0.5,1,1,3121,"Native 14","Native"
"3024","PictureAccept",-0.5,12,1,2243,"Native 14","Native"
"3060","PictureAccept",-0.5,7,1,2845,"Native 14","Native"
"3064","PictureAccept",-0.5,18,1,2203,"Native 14","Native"
"3116","PictureAccept",-0.5,6,1,4019,"Native 14","Native"
"3124","PictureAccept",-0.5,15,1,1258,"Native 14","Native"
"3132","PictureAccept",-0.5,4,1,1701,"Native 14","Native"
"3146","PictureAccept",-0.5,15,0,1957,"Native 15","Native"
"3166","PictureAccept",-0.5,17,1,1003,"Native 15","Native"
"3174","PictureAccept",-0.5,8,1,1221,"Native 15","Native"
"3250","PictureAccept",-0.5,3,0,1432,"Native 15","Native"
"3258","PictureAccept",-0.5,6,0,784,"Native 15","Native"
"3270","PictureAccept",-0.5,12,1,696,"Native 15","Native"
"3278","PictureAccept",-0.5,5,1,1109,"Native 15","Native"
"3286","PictureAccept",-0.5,9,1,1337,"Native 15","Native"
"3310","PictureAccept",-0.5,18,0,1001,"Native 15","Native"
"3314","PictureAccept",-0.5,2,0,742,"Native 15","Native"
"3326","PictureAccept",-0.5,11,1,2017,"Native 15","Native"
"3338","PictureAccept",-0.5,14,1,1873,"Native 15","Native"
"3418","PictureAccept",-0.5,10,0,3746,"Native 16","Native"
"3454","PictureAccept",-0.5,16,1,4455,"Native 16","Native"
"3466","PictureAccept",-0.5,17,0,8432,"Native 16","Native"
"3470","PictureAccept",-0.5,13,1,2373,"Native 16","Native"
"3478","PictureAccept",-0.5,2,0,3315,"Native 16","Native"
"3490","PictureAccept",-0.5,4,1,1194,"Native 16","Native"
"3498","PictureAccept",-0.5,7,1,1618,"Native 16","Native"
"3518","PictureAccept",-0.5,8,1,1848,"Native 16","Native"
"3550","PictureAccept",-0.5,1,0,3155,"Native 16","Native"
"3554","PictureAccept",-0.5,11,0,6630,"Native 16","Native"
"3570","PictureAccept",-0.5,14,1,3533,"Native 16","Native"
"3578","PictureAccept",-0.5,5,0,1425,"Native 16","Native"
"3596","PictureAccept",-0.5,15,0,2025,"Native 17","Native"
"3624","PictureAccept",-0.5,10,1,3698,"Native 17","Native"
"3636","PictureAccept",-0.5,1,1,2269,"Native 17","Native"
"3656","PictureAccept",-0.5,16,1,2900,"Native 17","Native"
"3660","PictureAccept",-0.5,4,0,3119,"Native 17","Native"
"3700","PictureAccept",-0.5,13,1,2163,"Native 17","Native"
"3708","PictureAccept",-0.5,18,1,2330,"Native 17","Native"
"3720","PictureAccept",-0.5,3,1,1949,"Native 17","Native"
"3732","PictureAccept",-0.5,6,1,1984,"Native 17","Native"
"3776","PictureAccept",-0.5,9,1,1336,"Native 17","Native"
"3784","PictureAccept",-0.5,7,1,2280,"Native 17","Native"
"3792","PictureAccept",-0.5,12,1,1549,"Native 17","Native"
"3822","PictureAccept",-0.5,13,0,6529,"Native 18","Native"
"3842","PictureAccept",-0.5,11,1,3701,"Native 18","Native"
"3874","PictureAccept",-0.5,8,1,4992,"Native 18","Native"
"3882","PictureAccept",-0.5,16,1,2362,"Native 18","Native"
"3894","PictureAccept",-0.5,4,1,1992,"Native 18","Native"
"3898","PictureAccept",-0.5,1,1,2319,"Native 18","Native"
"3906","PictureAccept",-0.5,7,1,1463,"Native 18","Native"
"3914","PictureAccept",-0.5,5,1,3104,"Native 18","Native"
"3946","PictureAccept",-0.5,17,1,1643,"Native 18","Native"
"3974","PictureAccept",-0.5,10,1,1283,"Native 18","Native"
"3994","PictureAccept",-0.5,14,1,1464,"Native 18","Native"
"3998","PictureAccept",-0.5,2,1,2302,"Native 18","Native"
"4052","PictureAccept",-0.5,1,0,5192,"Native 19","Native"
"4080","PictureAccept",-0.5,4,1,1589,"Native 19","Native"
"4088","PictureAccept",-0.5,3,1,3911,"Native 19","Native"
"4140","PictureAccept",-0.5,10,0,3627,"Native 19","Native"
"4168","PictureAccept",-0.5,15,0,6963,"Native 19","Native"
"4188","PictureAccept",-0.5,7,1,1460,"Native 19","Native"
"4192","PictureAccept",-0.5,9,0,1847,"Native 19","Native"
"4196","PictureAccept",-0.5,13,1,1965,"Native 19","Native"
"4212","PictureAccept",-0.5,16,1,2894,"Native 19","Native"
"4224","PictureAccept",-0.5,6,0,2994,"Native 19","Native"
"4228","PictureAccept",-0.5,18,0,4411,"Native 19","Native"
"4248","PictureAccept",-0.5,12,1,1268,"Native 19","Native"
"4304","PictureAccept",-0.5,18,1,2160,"Native 20","Native"
"4308","PictureAccept",-0.5,17,1,2218,"Native 20","Native"
"4348","PictureAccept",-0.5,11,0,782,"Native 20","Native"
"4356","PictureAccept",-0.5,6,1,929,"Native 20","Native"
"4388","PictureAccept",-0.5,9,0,4993,"Native 20","Native"
"4404","PictureAccept",-0.5,15,0,1082,"Native 20","Native"
"4408","PictureAccept",-0.5,14,0,2228,"Native 20","Native"
"4412","PictureAccept",-0.5,12,0,2128,"Native 20","Native"
"4420","PictureAccept",-0.5,5,0,1593,"Native 20","Native"
"4436","PictureAccept",-0.5,8,0,2898,"Native 20","Native"
"4452","PictureAccept",-0.5,2,1,1454,"Native 20","Native"
"4464","PictureAccept",-0.5,3,0,602,"Native 20","Native"
"4494","PictureAccept",-0.5,2,1,2185,"Native 21","Native"
"4506","PictureAccept",-0.5,17,1,3101,"Native 21","Native"
"4518","PictureAccept",-0.5,13,1,1425,"Native 21","Native"
"4574","PictureAccept",-0.5,4,1,1440,"Native 21","Native"
"4586","PictureAccept",-0.5,11,0,2779,"Native 21","Native"
"4610","PictureAccept",-0.5,5,1,2100,"Native 21","Native"
"4626","PictureAccept",-0.5,1,0,1449,"Native 21","Native"
"4630","PictureAccept",-0.5,10,0,3499,"Native 21","Native"
"4654","PictureAccept",-0.5,7,0,905,"Native 21","Native"
"4666","PictureAccept",-0.5,16,1,1914,"Native 21","Native"
"4674","PictureAccept",-0.5,8,1,2210,"Native 21","Native"
"4698","PictureAccept",-0.5,14,1,2201,"Native 21","Native"
"4714","PictureAccept",-0.5,3,1,1428,"Native 22","Native"
"4718","PictureAccept",-0.5,4,1,1690,"Native 22","Native"
"4770","PictureAccept",-0.5,10,1,1689,"Native 22","Native"
"4774","PictureAccept",-0.5,1,1,1276,"Native 22","Native"
"4794","PictureAccept",-0.5,9,1,766,"Native 22","Native"
"4802","PictureAccept",-0.5,7,1,651,"Native 22","Native"
"4822","PictureAccept",-0.5,18,1,1044,"Native 22","Native"
"4830","PictureAccept",-0.5,13,1,1542,"Native 22","Native"
"4882","PictureAccept",-0.5,15,0,4972,"Native 22","Native"
"4886","PictureAccept",-0.5,6,1,1814,"Native 22","Native"
"4914","PictureAccept",-0.5,12,1,1422,"Native 22","Native"
"4926","PictureAccept",-0.5,16,1,1614,"Native 22","Native"
"4940","PictureAccept",-0.5,3,1,3055,"Native 23","Native"
"4952","PictureAccept",-0.5,5,1,1498,"Native 23","Native"
"4956","PictureAccept",-0.5,6,1,2284,"Native 23","Native"
"4980","PictureAccept",-0.5,18,1,1982,"Native 23","Native"
"4996","PictureAccept",-0.5,9,1,1633,"Native 23","Native"
"5012","PictureAccept",-0.5,15,0,6917,"Native 23","Native"
"5016","PictureAccept",-0.5,11,1,4519,"Native 23","Native"
"5028","PictureAccept",-0.5,14,1,1006,"Native 23","Native"
"5040","PictureAccept",-0.5,8,1,1303,"Native 23","Native"
"5084","PictureAccept",-0.5,2,1,1138,"Native 23","Native"
"5120","PictureAccept",-0.5,17,1,1197,"Native 23","Native"
"5144","PictureAccept",-0.5,12,1,1188,"Native 23","Native"
"5168","PictureAccept",-0.5,2,1,1408,"Native 24","Native"
"5180","PictureAccept",-0.5,10,0,2902,"Native 24","Native"
"5216","PictureAccept",-0.5,7,0,2042,"Native 24","Native"
"5228","PictureAccept",-0.5,16,0,2331,"Native 24","Native"
"5240","PictureAccept",-0.5,13,1,1426,"Native 24","Native"
"5264","PictureAccept",-0.5,8,0,1475,"Native 24","Native"
"5276","PictureAccept",-0.5,5,1,1486,"Native 24","Native"
"5304","PictureAccept",-0.5,14,0,1622,"Native 24","Native"
"5312","PictureAccept",-0.5,17,1,1559,"Native 24","Native"
"5348","PictureAccept",-0.5,1,1,2833,"Native 24","Native"
"5368","PictureAccept",-0.5,11,1,3867,"Native 24","Native"
"5376","PictureAccept",-0.5,4,1,2266,"Native 24","Native"
"5390","PictureAccept",-0.5,18,0,2179,"Native 25","Native"
"5418","PictureAccept",-0.5,10,0,7831,"Native 25","Native"
"5442","PictureAccept",-0.5,6,0,2497,"Native 25","Native"
"5462","PictureAccept",-0.5,15,1,3700,"Native 25","Native"
"5466","PictureAccept",-0.5,1,1,4763,"Native 25","Native"
"5474","PictureAccept",-0.5,16,1,5834,"Native 25","Native"
"5478","PictureAccept",-0.5,7,1,2105,"Native 25","Native"
"5498","PictureAccept",-0.5,9,1,1189,"Native 25","Native"
"5506","PictureAccept",-0.5,12,1,2052,"Native 25","Native"
"5522","PictureAccept",-0.5,4,1,1958,"Native 25","Native"
"5586","PictureAccept",-0.5,3,1,2226,"Native 25","Native"
"5590","PictureAccept",-0.5,13,1,2439,"Native 25","Native"
"5626","PictureAccept",-0.5,17,1,1736,"Native 26","Native"
"5630","PictureAccept",-0.5,3,0,2316,"Native 26","Native"
"5638","PictureAccept",-0.5,2,0,1049,"Native 26","Native"
"5642","PictureAccept",-0.5,18,0,2090,"Native 26","Native"
"5646","PictureAccept",-0.5,12,0,2306,"Native 26","Native"
"5666","PictureAccept",-0.5,8,1,1423,"Native 26","Native"
"5670","PictureAccept",-0.5,6,1,2018,"Native 26","Native"
"5694","PictureAccept",-0.5,11,0,1563,"Native 26","Native"
"5710","PictureAccept",-0.5,9,0,1301,"Native 26","Native"
"5722","PictureAccept",-0.5,5,1,2012,"Native 26","Native"
"5762","PictureAccept",-0.5,15,0,1356,"Native 26","Native"
"5790","PictureAccept",-0.5,14,0,1517,"Native 26","Native"
"5834","PictureAccept",-0.5,5,1,5425,"Native 27","Native"
"5838","PictureAccept",-0.5,1,0,3064,"Native 27","Native"
"5846","PictureAccept",-0.5,4,1,2390,"Native 27","Native"
"5890","PictureAccept",-0.5,8,0,9634,"Native 27","Native"
"5898","PictureAccept",-0.5,16,0,3809,"Native 27","Native"
"5926","PictureAccept",-0.5,10,0,2699,"Native 27","Native"
"5938","PictureAccept",-0.5,11,1,5717,"Native 27","Native"
"5978","PictureAccept",-0.5,2,1,2352,"Native 27","Native"
"5982","PictureAccept",-0.5,7,0,3379,"Native 27","Native"
"6006","PictureAccept",-0.5,13,1,2738,"Native 27","Native"
"6014","PictureAccept",-0.5,14,0,4516,"Native 27","Native"
"6026","PictureAccept",-0.5,17,0,3379,"Native 27","Native"
"6064","PictureAccept",-0.5,12,0,1627,"Native 28","Native"
"6068","PictureAccept",-0.5,16,0,2759,"Native 28","Native"
"6088","PictureAccept",-0.5,18,1,2553,"Native 28","Native"
"6116","PictureAccept",-0.5,7,1,3714,"Native 28","Native"
"6152","PictureAccept",-0.5,6,1,3128,"Native 28","Native"
"6172","PictureAccept",-0.5,13,1,1930,"Native 28","Native"
"6180","PictureAccept",-0.5,4,1,1432,"Native 28","Native"
"6228","PictureAccept",-0.5,10,1,1627,"Native 28","Native"
"6232","PictureAccept",-0.5,15,1,2459,"Native 28","Native"
"6252","PictureAccept",-0.5,3,1,1661,"Native 28","Native"
"6260","PictureAccept",-0.5,1,1,1449,"Native 28","Native"
"6268","PictureAccept",-0.5,9,1,1370,"Native 28","Native"
"6290","PictureAccept",-0.5,11,1,2234,"Native 29","Native"
"6318","PictureAccept",-0.5,3,1,1606,"Native 29","Native"
"6350","PictureAccept",-0.5,8,1,1017,"Native 29","Native"
"6362","PictureAccept",-0.5,5,0,1112,"Native 29","Native"
"6378","PictureAccept",-0.5,15,0,1674,"Native 29","Native"
"6382","PictureAccept",-0.5,2,1,1039,"Native 29","Native"
"6390","PictureAccept",-0.5,9,0,1785,"Native 29","Native"
"6406","PictureAccept",-0.5,12,1,843,"Native 29","Native"
"6422","PictureAccept",-0.5,18,0,1435,"Native 29","Native"
"6434","PictureAccept",-0.5,17,1,1610,"Native 29","Native"
"6442","PictureAccept",-0.5,6,0,907,"Native 29","Native"
"6458","PictureAccept",-0.5,14,0,1451,"Native 29","Native"
"6512","PictureAccept",-0.5,2,1,1465,"Native 30","Native"
"6540","PictureAccept",-0.5,5,0,2186,"Native 30","Native"
"6564","PictureAccept",-0.5,11,1,1750,"Native 30","Native"
"6568","PictureAccept",-0.5,14,1,2871,"Native 30","Native"
"6576","PictureAccept",-0.5,13,1,1189,"Native 30","Native"
"6628","PictureAccept",-0.5,17,0,1846,"Native 30","Native"
"6640","PictureAccept",-0.5,16,0,920,"Native 30","Native"
"6648","PictureAccept",-0.5,4,1,819,"Native 30","Native"
"6652","PictureAccept",-0.5,8,1,1914,"Native 30","Native"
"6672","PictureAccept",-0.5,1,0,1131,"Native 30","Native"
"6676","PictureAccept",-0.5,7,0,837,"Native 30","Native"
"6708","PictureAccept",-0.5,10,0,2569,"Native 30","Native"
"6736","PictureAccept",-0.5,1,0,1769,"Native 31","Native"
"6756","PictureAccept",-0.5,15,0,5421,"Native 31","Native"
"6760","PictureAccept",-0.5,12,1,2586,"Native 31","Native"
"6776","PictureAccept",-0.5,7,1,6901,"Native 31","Native"
"6780","PictureAccept",-0.5,6,1,3714,"Native 31","Native"
"6792","PictureAccept",-0.5,18,1,3585,"Native 31","Native"
"6828","PictureAccept",-0.5,9,1,2393,"Native 31","Native"
"6888","PictureAccept",-0.5,10,1,1754,"Native 31","Native"
"6908","PictureAccept",-0.5,16,0,1062,"Native 31","Native"
"6912","PictureAccept",-0.5,3,1,2195,"Native 31","Native"
"6916","PictureAccept",-0.5,4,1,2733,"Native 31","Native"
"6940","PictureAccept",-0.5,13,1,2660,"Native 31","Native"
"6986","PictureAccept",-0.5,5,1,4369,"Native 32","Native"
"7002","PictureAccept",-0.5,12,1,1708,"Native 32","Native"
"7010","PictureAccept",-0.5,2,1,1542,"Native 32","Native"
"7058","PictureAccept",-0.5,9,1,1890,"Native 32","Native"
"7070","PictureAccept",-0.5,15,0,3739,"Native 32","Native"
"7074","PictureAccept",-0.5,11,0,1883,"Native 32","Native"
"7082","PictureAccept",-0.5,18,1,4657,"Native 32","Native"
"7134","PictureAccept",-0.5,6,0,2959,"Native 32","Native"
"7142","PictureAccept",-0.5,17,1,2242,"Native 32","Native"
"7146","PictureAccept",-0.5,3,1,2384,"Native 32","Native"
"7150","PictureAccept",-0.5,8,1,2092,"Native 32","Native"
"7162","PictureAccept",-0.5,14,1,2542,"Native 32","Native"
"7190","PictureAccept",-0.5,5,0,2544,"Native 33","Native"
"7198","PictureAccept",-0.5,7,1,1534,"Native 33","Native"
"7202","PictureAccept",-0.5,11,1,3060,"Native 33","Native"
"7206","PictureAccept",-0.5,8,0,1333,"Native 33","Native"
"7286","PictureAccept",-0.5,10,1,1221,"Native 33","Native"
"7310","PictureAccept",-0.5,13,1,1556,"Native 33","Native"
"7322","PictureAccept",-0.5,4,1,1257,"Native 33","Native"
"7330","PictureAccept",-0.5,2,1,1623,"Native 33","Native"
"7338","PictureAccept",-0.5,16,1,1037,"Native 33","Native"
"7346","PictureAccept",-0.5,17,1,959,"Native 33","Native"
"7374","PictureAccept",-0.5,1,1,2968,"Native 33","Native"
"7386","PictureAccept",-0.5,14,1,1963,"Native 33","Native"
"7402","PictureAccept",-0.5,7,1,2644,"Native 34","Native"
"7414","PictureAccept",-0.5,1,1,1681,"Native 34","Native"
"7422","PictureAccept",-0.5,15,1,2471,"Native 34","Native"
"7434","PictureAccept",-0.5,13,0,2685,"Native 34","Native"
"7454","PictureAccept",-0.5,12,1,1073,"Native 34","Native"
"7478","PictureAccept",-0.5,18,1,3391,"Native 34","Native"
"7498","PictureAccept",-0.5,4,1,1595,"Native 34","Native"
"7502","PictureAccept",-0.5,9,0,1664,"Native 34","Native"
"7510","PictureAccept",-0.5,10,1,813,"Native 34","Native"
"7582","PictureAccept",-0.5,16,1,766,"Native 34","Native"
"7598","PictureAccept",-0.5,6,1,1961,"Native 34","Native"
"7602","PictureAccept",-0.5,3,1,1781,"Native 34","Native"
"7672","PictureAccept",-0.5,3,1,3458,"Native 35","Native"
"7684","PictureAccept",-0.5,5,1,3610,"Native 35","Native"
"7688","PictureAccept",-0.5,9,1,2080,"Native 35","Native"
"7704","PictureAccept",-0.5,14,1,2162,"Native 35","Native"
"7712","PictureAccept",-0.5,11,1,2972,"Native 35","Native"
"7732","PictureAccept",-0.5,8,1,2914,"Native 35","Native"
"7736","PictureAccept",-0.5,6,1,3227,"Native 35","Native"
"7756","PictureAccept",-0.5,17,1,1828,"Native 35","Native"
"7760","PictureAccept",-0.5,18,1,2873,"Native 35","Native"
"7764","PictureAccept",-0.5,15,1,6385,"Native 35","Native"
"7792","PictureAccept",-0.5,2,1,1853,"Native 35","Native"
"7840","PictureAccept",-0.5,12,1,1688,"Native 35","Native"
"7856","PictureAccept",-0.5,5,1,2273,"Native 36","Native"
"7868","PictureAccept",-0.5,4,0,5864,"Native 36","Native"
"7872","PictureAccept",-0.5,14,0,3049,"Native 36","Native"
"7876","PictureAccept",-0.5,17,0,1120,"Native 36","Native"
"7888","PictureAccept",-0.5,11,0,4881,"Native 36","Native"
"7904","PictureAccept",-0.5,13,1,3279,"Native 36","Native"
"7964","PictureAccept",-0.5,8,1,1339,"Native 36","Native"
"7988","PictureAccept",-0.5,2,1,1909,"Native 36","Native"
"8012","PictureAccept",-0.5,16,1,2768,"Native 36","Native"
"8020","PictureAccept",-0.5,1,1,3317,"Native 36","Native"
"8048","PictureAccept",-0.5,7,1,1365,"Native 36","Native"
"8052","PictureAccept",-0.5,10,1,2776,"Native 36","Native"
"8088","PictureAccept",-0.5,3,1,2180,"Native 37","Native"
"8092","PictureAccept",-0.5,15,1,2567,"Native 37","Native"
"8124","PictureAccept",-0.5,9,1,2221,"Native 37","Native"
"8128","PictureAccept",-0.5,10,1,1013,"Native 37","Native"
"8144","PictureAccept",-0.5,1,1,2387,"Native 37","Native"
"8152","PictureAccept",-0.5,4,1,1483,"Native 37","Native"
"8180","PictureAccept",-0.5,13,1,1508,"Native 37","Native"
"8208","PictureAccept",-0.5,18,1,1076,"Native 37","Native"
"8212","PictureAccept",-0.5,12,1,1553,"Native 37","Native"
"8220","PictureAccept",-0.5,16,1,1529,"Native 37","Native"
"8248","PictureAccept",-0.5,7,1,1482,"Native 37","Native"
"8284","PictureAccept",-0.5,6,1,1330,"Native 37","Native"
"8316","PictureAccept",-0.5,6,1,1987,"Native 38","Native"
"8320","PictureAccept",-0.5,15,0,1869,"Native 38","Native"
"8328","PictureAccept",-0.5,2,0,1606,"Native 38","Native"
"8348","PictureAccept",-0.5,3,1,1494,"Native 38","Native"
"8384","PictureAccept",-0.5,17,0,3046,"Native 38","Native"
"8388","PictureAccept",-0.5,8,1,1567,"Native 38","Native"
"8404","PictureAccept",-0.5,18,1,3729,"Native 38","Native"
"8432","PictureAccept",-0.5,9,0,1513,"Native 38","Native"
"8456","PictureAccept",-0.5,11,0,3909,"Native 38","Native"
"8460","PictureAccept",-0.5,14,1,3446,"Native 38","Native"
"8480","PictureAccept",-0.5,12,1,2761,"Native 38","Native"
"8496","PictureAccept",-0.5,5,1,2161,"Native 38","Native"
"8524","PictureAccept",-0.5,4,1,5735,"Native 39","Native"
"8536","PictureAccept",-0.5,5,1,1999,"Native 39","Native"
"8548","PictureAccept",-0.5,7,1,1401,"Native 39","Native"
"8568","PictureAccept",-0.5,11,0,1813,"Native 39","Native"
"8572","PictureAccept",-0.5,16,0,2555,"Native 39","Native"
"8600","PictureAccept",-0.5,14,1,3239,"Native 39","Native"
"8624","PictureAccept",-0.5,2,1,1552,"Native 39","Native"
"8628","PictureAccept",-0.5,13,0,1144,"Native 39","Native"
"8692","PictureAccept",-0.5,8,0,1392,"Native 39","Native"
"8704","PictureAccept",-0.5,17,1,1902,"Native 39","Native"
"8716","PictureAccept",-0.5,1,1,2681,"Native 39","Native"
"8732","PictureAccept",-0.5,10,1,1993,"Native 39","Native"
"8750","PictureAccept",-0.5,9,0,1623,"Native 40","Native"
"8778","PictureAccept",-0.5,2,1,2935,"Native 40","Native"
"8798","PictureAccept",-0.5,3,0,2776,"Native 40","Native"
"8810","PictureAccept",-0.5,14,0,4270,"Native 40","Native"
"8886","PictureAccept",-0.5,17,0,3571,"Native 40","Native"
"8910","PictureAccept",-0.5,6,0,3057,"Native 40","Native"
"8914","PictureAccept",-0.5,8,1,1287,"Native 40","Native"
"8918","PictureAccept",-0.5,15,0,11189,"Native 40","Native"
"8922","PictureAccept",-0.5,11,1,2504,"Native 40","Native"
"8926","PictureAccept",-0.5,5,1,4916,"Native 40","Native"
"8946","PictureAccept",-0.5,18,0,2771,"Native 40","Native"
"8950","PictureAccept",-0.5,12,1,1496,"Native 40","Native"
"8986","PictureAccept",-0.5,13,0,1349,"Non-Native 1","Non-Native"
"9034","PictureAccept",-0.5,5,0,1192,"Non-Native 1","Non-Native"
"9058","PictureAccept",-0.5,16,0,2624,"Non-Native 1","Non-Native"
"9066","PictureAccept",-0.5,8,0,1796,"Non-Native 1","Non-Native"
"9102","PictureAccept",-0.5,10,0,2211,"Non-Native 1","Non-Native"
"9118","PictureAccept",-0.5,14,0,4188,"Non-Native 1","Non-Native"
"9122","PictureAccept",-0.5,2,1,2567,"Non-Native 1","Non-Native"
"9138","PictureAccept",-0.5,17,0,2485,"Non-Native 1","Non-Native"
"9158","PictureAccept",-0.5,4,0,2986,"Non-Native 1","Non-Native"
"9170","PictureAccept",-0.5,7,1,1620,"Non-Native 1","Non-Native"
"9174","PictureAccept",-0.5,11,0,2800,"Non-Native 1","Non-Native"
"9178","PictureAccept",-0.5,1,0,5489,"Non-Native 1","Non-Native"
"9218","PictureAccept",-0.5,7,1,2346,"Non-Native 2","Non-Native"
"9246","PictureAccept",-0.5,3,1,3304,"Non-Native 2","Non-Native"
"9266","PictureAccept",-0.5,18,0,4273,"Non-Native 2","Non-Native"
"9270","PictureAccept",-0.5,1,1,5344,"Non-Native 2","Non-Native"
"9290","PictureAccept",-0.5,16,1,2669,"Non-Native 2","Non-Native"
"9302","PictureAccept",-0.5,10,1,2156,"Non-Native 2","Non-Native"
"9342","PictureAccept",-0.5,4,1,1757,"Non-Native 2","Non-Native"
"9350","PictureAccept",-0.5,13,1,1766,"Non-Native 2","Non-Native"
"9358","PictureAccept",-0.5,9,1,2655,"Non-Native 2","Non-Native"
"9370","PictureAccept",-0.5,6,0,2083,"Non-Native 2","Non-Native"
"9386","PictureAccept",-0.5,15,1,2487,"Non-Native 2","Non-Native"
"9390","PictureAccept",-0.5,12,1,2254,"Non-Native 2","Non-Native"
"9424","PictureAccept",-0.5,5,0,10664,"Non-Native 3","Non-Native"
"9428","PictureAccept",-0.5,14,1,5430,"Non-Native 3","Non-Native"
"9448","PictureAccept",-0.5,15,0,6713,"Non-Native 3","Non-Native"
"9464","PictureAccept",-0.5,17,1,3386,"Non-Native 3","Non-Native"
"9468","PictureAccept",-0.5,12,1,2198,"Non-Native 3","Non-Native"
"9480","PictureAccept",-0.5,9,1,1441,"Non-Native 3","Non-Native"
"9484","PictureAccept",-0.5,8,0,2191,"Non-Native 3","Non-Native"
"9564","PictureAccept",-0.5,6,1,4350,"Non-Native 3","Non-Native"
"9568","PictureAccept",-0.5,3,1,1904,"Non-Native 3","Non-Native"
"9592","PictureAccept",-0.5,18,1,3574,"Non-Native 3","Non-Native"
"9616","PictureAccept",-0.5,2,1,1275,"Non-Native 3","Non-Native"
"9624","PictureAccept",-0.5,11,0,2777,"Non-Native 3","Non-Native"
"9644","PictureAccept",-0.5,11,0,7407,"Non-Native 4","Non-Native"
"9664","PictureAccept",-0.5,5,1,3802,"Non-Native 4","Non-Native"
"9672","PictureAccept",-0.5,14,1,8069,"Non-Native 4","Non-Native"
"9696","PictureAccept",-0.5,13,1,2606,"Non-Native 4","Non-Native"
"9708","PictureAccept",-0.5,7,1,2356,"Non-Native 4","Non-Native"
"9720","PictureAccept",-0.5,10,0,10664,"Non-Native 4","Non-Native"
"9728","PictureAccept",-0.5,1,0,6882,"Non-Native 4","Non-Native"
"9732","PictureAccept",-0.5,8,1,2599,"Non-Native 4","Non-Native"
"9764","PictureAccept",-0.5,4,1,1489,"Non-Native 4","Non-Native"
"9796","PictureAccept",-0.5,17,1,2165,"Non-Native 4","Non-Native"
"9800","PictureAccept",-0.5,16,1,4581,"Non-Native 4","Non-Native"
"9816","PictureAccept",-0.5,2,1,4320,"Non-Native 4","Non-Native"
"9922","PictureAccept",-0.5,10,0,1823,"Non-Native 5","Non-Native"
"9950","PictureAccept",-0.5,3,0,3125,"Non-Native 5","Non-Native"
"9958","PictureAccept",-0.5,4,1,2524,"Non-Native 5","Non-Native"
"9962","PictureAccept",-0.5,1,0,3415,"Non-Native 5","Non-Native"
"9966","PictureAccept",-0.5,18,0,1314,"Non-Native 5","Non-Native"
"9982","PictureAccept",-0.5,12,0,4633,"Non-Native 5","Non-Native"
"9986","PictureAccept",-0.5,7,0,3437,"Non-Native 5","Non-Native"
"9990","PictureAccept",-0.5,16,0,2718,"Non-Native 5","Non-Native"
"9998","PictureAccept",-0.5,13,1,1988,"Non-Native 5","Non-Native"
"10010","PictureAccept",-0.5,6,0,1375,"Non-Native 5","Non-Native"
"10058","PictureAccept",-0.5,9,0,1244,"Non-Native 5","Non-Native"
"10062","PictureAccept",-0.5,15,0,2715,"Non-Native 5","Non-Native"
"10138","PictureAccept",-0.5,8,1,1530,"Non-Native 6","Non-Native"
"10142","PictureAccept",-0.5,12,1,1987,"Non-Native 6","Non-Native"
"10146","PictureAccept",-0.5,14,1,3632,"Non-Native 6","Non-Native"
"10158","PictureAccept",-0.5,2,1,4177,"Non-Native 6","Non-Native"
"10166","PictureAccept",-0.5,9,1,2420,"Non-Native 6","Non-Native"
"10170","PictureAccept",-0.5,5,1,1227,"Non-Native 6","Non-Native"
"10186","PictureAccept",-0.5,15,1,6371,"Non-Native 6","Non-Native"
"10242","PictureAccept",-0.5,6,1,2785,"Non-Native 6","Non-Native"
"10258","PictureAccept",-0.5,3,1,916,"Non-Native 6","Non-Native"
"10290","PictureAccept",-0.5,17,1,1964,"Non-Native 6","Non-Native"
"10298","PictureAccept",-0.5,18,1,3889,"Non-Native 6","Non-Native"
"10302","PictureAccept",-0.5,11,1,1718,"Non-Native 6","Non-Native"
"10360","PictureAccept",-0.5,1,0,2897,"Non-Native 7","Non-Native"
"10376","PictureAccept",-0.5,10,0,3297,"Non-Native 7","Non-Native"
"10384","PictureAccept",-0.5,13,1,5822,"Non-Native 7","Non-Native"
"10408","PictureAccept",-0.5,17,0,6762,"Non-Native 7","Non-Native"
"10436","PictureAccept",-0.5,14,0,4171,"Non-Native 7","Non-Native"
"10448","PictureAccept",-0.5,7,0,3567,"Non-Native 7","Non-Native"
"10452","PictureAccept",-0.5,5,1,1547,"Non-Native 7","Non-Native"
"10460","PictureAccept",-0.5,16,0,4965,"Non-Native 7","Non-Native"
"10464","PictureAccept",-0.5,2,1,3429,"Non-Native 7","Non-Native"
"10468","PictureAccept",-0.5,11,0,4250,"Non-Native 7","Non-Native"
"10520","PictureAccept",-0.5,8,1,3121,"Non-Native 7","Non-Native"
"10524","PictureAccept",-0.5,4,1,4329,"Non-Native 7","Non-Native"
"10542","PictureAccept",-0.5,12,0,2458,"Non-Native 8","Non-Native"
"10562","PictureAccept",-0.5,9,0,2000,"Non-Native 8","Non-Native"
"10578","PictureAccept",-0.5,13,0,3150,"Non-Native 8","Non-Native"
"10590","PictureAccept",-0.5,16,0,7058,"Non-Native 8","Non-Native"
"10594","PictureAccept",-0.5,7,1,1791,"Non-Native 8","Non-Native"
"10602","PictureAccept",-0.5,6,0,1987,"Non-Native 8","Non-Native"
"10610","PictureAccept",-0.5,10,0,1567,"Non-Native 8","Non-Native"
"10658","PictureAccept",-0.5,3,0,1748,"Non-Native 8","Non-Native"
"10678","PictureAccept",-0.5,15,0,7137,"Non-Native 8","Non-Native"
"10686","PictureAccept",-0.5,4,1,2546,"Non-Native 8","Non-Native"
"10706","PictureAccept",-0.5,1,1,2141,"Non-Native 8","Non-Native"
"10710","PictureAccept",-0.5,18,0,3597,"Non-Native 8","Non-Native"
"10766","PictureAccept",-0.5,5,0,3708,"Non-Native 9","Non-Native"
"10818","PictureAccept",-0.5,3,0,1342,"Non-Native 9","Non-Native"
"10822","PictureAccept",-0.5,11,0,3645,"Non-Native 9","Non-Native"
"10830","PictureAccept",-0.5,18,0,3697,"Non-Native 9","Non-Native"
"10834","PictureAccept",-0.5,12,0,3255,"Non-Native 9","Non-Native"
"10838","PictureAccept",-0.5,14,0,6370,"Non-Native 9","Non-Native"
"10866","PictureAccept",-0.5,17,1,3278,"Non-Native 9","Non-Native"
"10898","PictureAccept",-0.5,15,0,5450,"Non-Native 9","Non-Native"
"10906","PictureAccept",-0.5,8,1,2133,"Non-Native 9","Non-Native"
"10942","PictureAccept",-0.5,6,0,3147,"Non-Native 9","Non-Native"
"10958","PictureAccept",-0.5,9,0,2166,"Non-Native 9","Non-Native"
"10970","PictureAccept",-0.5,2,0,3761,"Non-Native 9","Non-Native"
"10998","PictureAccept",-0.5,1,1,3500,"Non-Native 10","Non-Native"
"11006","PictureAccept",-0.5,17,1,13906,"Non-Native 10","Non-Native"
"11062","PictureAccept",-0.5,13,0,2155,"Non-Native 10","Non-Native"
"11094","PictureAccept",-0.5,10,0,2968,"Non-Native 10","Non-Native"
"11098","PictureAccept",-0.5,7,0,1831,"Non-Native 10","Non-Native"
"11102","PictureAccept",-0.5,16,0,1160,"Non-Native 10","Non-Native"
"11118","PictureAccept",-0.5,5,0,1578,"Non-Native 10","Non-Native"
"11134","PictureAccept",-0.5,11,0,13535,"Non-Native 10","Non-Native"
"11174","PictureAccept",-0.5,14,1,2802,"Non-Native 10","Non-Native"
"11178","PictureAccept",-0.5,4,1,4410,"Non-Native 10","Non-Native"
"11182","PictureAccept",-0.5,8,1,2141,"Non-Native 10","Non-Native"
"11194","PictureAccept",-0.5,2,0,2486,"Non-Native 10","Non-Native"
"11244","PictureAccept",-0.5,15,1,7458,"Non-Native 11","Non-Native"
"11264","PictureAccept",-0.5,7,1,7529,"Non-Native 11","Non-Native"
"11268","PictureAccept",-0.5,13,1,2217,"Non-Native 11","Non-Native"
"11284","PictureAccept",-0.5,18,0,4834,"Non-Native 11","Non-Native"
"11292","PictureAccept",-0.5,4,1,3494,"Non-Native 11","Non-Native"
"11304","PictureAccept",-0.5,10,0,4554,"Non-Native 11","Non-Native"
"11312","PictureAccept",-0.5,9,0,2371,"Non-Native 11","Non-Native"
"11372","PictureAccept",-0.5,16,1,5406,"Non-Native 11","Non-Native"
"11380","PictureAccept",-0.5,12,1,3507,"Non-Native 11","Non-Native"
"11408","PictureAccept",-0.5,1,1,3815,"Non-Native 11","Non-Native"
"11416","PictureAccept",-0.5,3,1,3987,"Non-Native 11","Non-Native"
"11420","PictureAccept",-0.5,6,1,3350,"Non-Native 11","Non-Native"
"11440","PictureAccept",-0.5,12,1,2763,"Non-Native 12","Non-Native"
"11488","PictureAccept",-0.5,11,1,1365,"Non-Native 12","Non-Native"
"11492","PictureAccept",-0.5,8,0,5721,"Non-Native 12","Non-Native"
"11500","PictureAccept",-0.5,15,1,8412,"Non-Native 12","Non-Native"
"11568","PictureAccept",-0.5,5,1,6663,"Non-Native 12","Non-Native"
"11576","PictureAccept",-0.5,14,1,1064,"Non-Native 12","Non-Native"
"11588","PictureAccept",-0.5,2,1,798,"Non-Native 12","Non-Native"
"11592","PictureAccept",-0.5,3,0,14583,"Non-Native 12","Non-Native"
"11612","PictureAccept",-0.5,17,1,1568,"Non-Native 12","Non-Native"
"11620","PictureAccept",-0.5,18,0,2114,"Non-Native 12","Non-Native"
"11640","PictureAccept",-0.5,6,0,2661,"Non-Native 12","Non-Native"
"11644","PictureAccept",-0.5,9,1,840,"Non-Native 12","Non-Native"
"11658","PictureAccept",-0.5,16,0,3147,"Non-Native 13","Non-Native"
"11694","PictureAccept",-0.5,11,0,1138,"Non-Native 13","Non-Native"
"11742","PictureAccept",-0.5,5,0,3672,"Non-Native 13","Non-Native"
"11746","PictureAccept",-0.5,17,0,2742,"Non-Native 13","Non-Native"
"11750","PictureAccept",-0.5,2,0,1990,"Non-Native 13","Non-Native"
"11766","PictureAccept",-0.5,8,0,1375,"Non-Native 13","Non-Native"
"11774","PictureAccept",-0.5,14,1,3523,"Non-Native 13","Non-Native"
"11790","PictureAccept",-0.5,10,0,2051,"Non-Native 13","Non-Native"
"11798","PictureAccept",-0.5,13,0,1609,"Non-Native 13","Non-Native"
"11814","PictureAccept",-0.5,1,1,3166,"Non-Native 13","Non-Native"
"11854","PictureAccept",-0.5,7,1,4957,"Non-Native 13","Non-Native"
"11858","PictureAccept",-0.5,4,1,4601,"Non-Native 13","Non-Native"
"11904","PictureAccept",-0.5,3,1,1565,"Non-Native 14","Non-Native"
"11916","PictureAccept",-0.5,18,1,3102,"Non-Native 14","Non-Native"
"11924","PictureAccept",-0.5,12,1,1342,"Non-Native 14","Non-Native"
"11952","PictureAccept",-0.5,6,1,1583,"Non-Native 14","Non-Native"
"11964","PictureAccept",-0.5,4,1,1357,"Non-Native 14","Non-Native"
"11984","PictureAccept",-0.5,9,0,957,"Non-Native 14","Non-Native"
"11992","PictureAccept",-0.5,15,1,2002,"Non-Native 14","Non-Native"
"12040","PictureAccept",-0.5,10,0,724,"Non-Native 14","Non-Native"
"12072","PictureAccept",-0.5,13,1,2579,"Non-Native 14","Non-Native"
"12076","PictureAccept",-0.5,16,1,1432,"Non-Native 14","Non-Native"
"12084","PictureAccept",-0.5,7,1,1280,"Non-Native 14","Non-Native"
"12088","PictureAccept",-0.5,1,1,2002,"Non-Native 14","Non-Native"
"12122","PictureAccept",-0.5,18,1,6597,"Non-Native 15","Non-Native"
"12138","PictureAccept",-0.5,3,0,4637,"Non-Native 15","Non-Native"
"12146","PictureAccept",-0.5,15,0,7106,"Non-Native 15","Non-Native"
"12158","PictureAccept",-0.5,11,1,9435,"Non-Native 15","Non-Native"
"12170","PictureAccept",-0.5,14,0,4297,"Non-Native 15","Non-Native"
"12178","PictureAccept",-0.5,12,1,6824,"Non-Native 15","Non-Native"
"12234","PictureAccept",-0.5,8,1,3016,"Non-Native 15","Non-Native"
"12238","PictureAccept",-0.5,17,0,5292,"Non-Native 15","Non-Native"
"12242","PictureAccept",-0.5,5,0,1480,"Non-Native 15","Non-Native"
"12270","PictureAccept",-0.5,6,0,921,"Non-Native 15","Non-Native"
"12306","PictureAccept",-0.5,2,0,1009,"Non-Native 15","Non-Native"
"12318","PictureAccept",-0.5,9,1,2050,"Non-Native 15","Non-Native"
"12336","PictureAccept",-0.5,1,0,4586,"Non-Native 16","Non-Native"
"12356","PictureAccept",-0.5,16,0,3465,"Non-Native 16","Non-Native"
"12360","PictureAccept",-0.5,2,0,2639,"Non-Native 16","Non-Native"
"12376","PictureAccept",-0.5,14,1,3377,"Non-Native 16","Non-Native"
"12408","PictureAccept",-0.5,8,1,1259,"Non-Native 16","Non-Native"
"12428","PictureAccept",-0.5,4,1,1443,"Non-Native 16","Non-Native"
"12432","PictureAccept",-0.5,11,1,4028,"Non-Native 16","Non-Native"
"12448","PictureAccept",-0.5,10,0,3295,"Non-Native 16","Non-Native"
"12452","PictureAccept",-0.5,13,1,1538,"Non-Native 16","Non-Native"
"12488","PictureAccept",-0.5,7,1,1406,"Non-Native 16","Non-Native"
"12512","PictureAccept",-0.5,5,1,1906,"Non-Native 16","Non-Native"
"12524","PictureAccept",-0.5,17,1,2381,"Non-Native 16","Non-Native"
"12574","PictureAccept",-0.5,6,1,2535,"Non-Native 17","Non-Native"
"12582","PictureAccept",-0.5,12,0,1895,"Non-Native 17","Non-Native"
"12590","PictureAccept",-0.5,7,0,1559,"Non-Native 17","Non-Native"
"12606","PictureAccept",-0.5,16,1,2227,"Non-Native 17","Non-Native"
"12626","PictureAccept",-0.5,13,0,1805,"Non-Native 17","Non-Native"
"12650","PictureAccept",-0.5,18,0,1641,"Non-Native 17","Non-Native"
"12662","PictureAccept",-0.5,1,1,1635,"Non-Native 17","Non-Native"
"12666","PictureAccept",-0.5,15,1,7424,"Non-Native 17","Non-Native"
"12670","PictureAccept",-0.5,4,1,2251,"Non-Native 17","Non-Native"
"12682","PictureAccept",-0.5,9,1,2747,"Non-Native 17","Non-Native"
"12686","PictureAccept",-0.5,3,1,2983,"Non-Native 17","Non-Native"
"12738","PictureAccept",-0.5,10,1,1914,"Non-Native 17","Non-Native"
"12808","PictureAccept",-0.5,6,1,3801,"Non-Native 18","Non-Native"
"12848","PictureAccept",-0.5,2,1,2226,"Non-Native 18","Non-Native"
"12852","PictureAccept",-0.5,14,1,6343,"Non-Native 18","Non-Native"
"12860","PictureAccept",-0.5,8,1,1032,"Non-Native 18","Non-Native"
"12880","PictureAccept",-0.5,5,1,1049,"Non-Native 18","Non-Native"
"12892","PictureAccept",-0.5,9,1,937,"Non-Native 18","Non-Native"
"12932","PictureAccept",-0.5,17,1,2295,"Non-Native 18","Non-Native"
"12936","PictureAccept",-0.5,18,1,2173,"Non-Native 18","Non-Native"
"12948","PictureAccept",-0.5,15,1,2719,"Non-Native 18","Non-Native"
"12956","PictureAccept",-0.5,12,1,1890,"Non-Native 18","Non-Native"
"12960","PictureAccept",-0.5,3,1,2544,"Non-Native 18","Non-Native"
"12988","PictureAccept",-0.5,11,0,1232,"Non-Native 18","Non-Native"
"13026","PictureAccept",-0.5,17,1,4360,"Non-Native 19","Non-Native"
"13062","PictureAccept",-0.5,4,1,4453,"Non-Native 19","Non-Native"
"13066","PictureAccept",-0.5,5,1,3452,"Non-Native 19","Non-Native"
"13082","PictureAccept",-0.5,16,0,8397,"Non-Native 19","Non-Native"
"13086","PictureAccept",-0.5,11,1,2540,"Non-Native 19","Non-Native"
"13126","PictureAccept",-0.5,10,0,1659,"Non-Native 19","Non-Native"
"13138","PictureAccept",-0.5,1,1,4674,"Non-Native 19","Non-Native"
"13142","PictureAccept",-0.5,7,0,4718,"Non-Native 19","Non-Native"
"13166","PictureAccept",-0.5,8,1,1690,"Non-Native 19","Non-Native"
"13178","PictureAccept",-0.5,13,1,6445,"Non-Native 19","Non-Native"
"13194","PictureAccept",-0.5,14,1,2941,"Non-Native 19","Non-Native"
"13210","PictureAccept",-0.5,2,1,1780,"Non-Native 19","Non-Native"
"13238","PictureAccept",-0.5,3,0,3282,"Non-Native 20","Non-Native"
"13254","PictureAccept",-0.5,15,0,4951,"Non-Native 20","Non-Native"
"13262","PictureAccept",-0.5,4,1,1704,"Non-Native 20","Non-Native"
"13266","PictureAccept",-0.5,9,0,2735,"Non-Native 20","Non-Native"
"13282","PictureAccept",-0.5,7,1,3151,"Non-Native 20","Non-Native"
"13290","PictureAccept",-0.5,10,0,2841,"Non-Native 20","Non-Native"
"13298","PictureAccept",-0.5,12,0,1448,"Non-Native 20","Non-Native"
"13330","PictureAccept",-0.5,1,1,2058,"Non-Native 20","Non-Native"
"13350","PictureAccept",-0.5,18,0,2369,"Non-Native 20","Non-Native"
"13394","PictureAccept",-0.5,16,1,2379,"Non-Native 20","Non-Native"
"13406","PictureAccept",-0.5,6,0,3126,"Non-Native 20","Non-Native"
"13430","PictureAccept",-0.5,13,1,2145,"Non-Native 20","Non-Native"
"13474","PictureAccept",-0.5,15,1,2998,"Non-Native 21","Non-Native"
"13494","PictureAccept",-0.5,11,0,2279,"Non-Native 21","Non-Native"
"13522","PictureAccept",-0.5,14,0,3047,"Non-Native 21","Non-Native"
"13534","PictureAccept",-0.5,12,1,1455,"Non-Native 21","Non-Native"
"13558","PictureAccept",-0.5,5,1,2572,"Non-Native 21","Non-Native"
"13562","PictureAccept",-0.5,18,0,1199,"Non-Native 21","Non-Native"
"13566","PictureAccept",-0.5,2,1,1540,"Non-Native 21","Non-Native"
"13606","PictureAccept",-0.5,6,1,1575,"Non-Native 21","Non-Native"
"13610","PictureAccept",-0.5,3,1,1852,"Non-Native 21","Non-Native"
"13630","PictureAccept",-0.5,8,0,2806,"Non-Native 21","Non-Native"
"13634","PictureAccept",-0.5,17,1,1325,"Non-Native 21","Non-Native"
"13642","PictureAccept",-0.5,9,1,1385,"Non-Native 21","Non-Native"
"13696","PictureAccept",-0.5,14,1,1911,"Non-Native 22","Non-Native"
"13716","PictureAccept",-0.5,7,0,3587,"Non-Native 22","Non-Native"
"13720","PictureAccept",-0.5,1,1,1888,"Non-Native 22","Non-Native"
"13732","PictureAccept",-0.5,5,1,2750,"Non-Native 22","Non-Native"
"13736","PictureAccept",-0.5,13,0,1967,"Non-Native 22","Non-Native"
"13760","PictureAccept",-0.5,11,1,5424,"Non-Native 22","Non-Native"
"13768","PictureAccept",-0.5,2,1,1812,"Non-Native 22","Non-Native"
"13784","PictureAccept",-0.5,10,0,6626,"Non-Native 22","Non-Native"
"13804","PictureAccept",-0.5,17,1,1972,"Non-Native 22","Non-Native"
"13812","PictureAccept",-0.5,16,0,1500,"Non-Native 22","Non-Native"
"13828","PictureAccept",-0.5,4,1,1513,"Non-Native 22","Non-Native"
"13880","PictureAccept",-0.5,8,1,1210,"Non-Native 22","Non-Native"
"13898","PictureAccept",-0.5,7,0,2886,"Non-Native 23","Non-Native"
"13918","PictureAccept",-0.5,3,0,2338,"Non-Native 23","Non-Native"
"13922","PictureAccept",-0.5,18,0,3508,"Non-Native 23","Non-Native"
"13930","PictureAccept",-0.5,15,0,6432,"Non-Native 23","Non-Native"
"13994","PictureAccept",-0.5,10,1,7002,"Non-Native 23","Non-Native"
"14002","PictureAccept",-0.5,16,1,3556,"Non-Native 23","Non-Native"
"14022","PictureAccept",-0.5,9,0,2217,"Non-Native 23","Non-Native"
"14026","PictureAccept",-0.5,6,0,2038,"Non-Native 23","Non-Native"
"14034","PictureAccept",-0.5,12,0,5119,"Non-Native 23","Non-Native"
"14070","PictureAccept",-0.5,4,1,2828,"Non-Native 23","Non-Native"
"14082","PictureAccept",-0.5,13,1,2874,"Non-Native 23","Non-Native"
"14098","PictureAccept",-0.5,1,1,6510,"Non-Native 23","Non-Native"
"14122","PictureAccept",-0.5,14,0,5187,"Non-Native 24","Non-Native"
"14142","PictureAccept",-0.5,15,0,2598,"Non-Native 24","Non-Native"
"14150","PictureAccept",-0.5,8,1,4387,"Non-Native 24","Non-Native"
"14206","PictureAccept",-0.5,9,0,2339,"Non-Native 24","Non-Native"
"14238","PictureAccept",-0.5,6,1,4174,"Non-Native 24","Non-Native"
"14258","PictureAccept",-0.5,17,0,2304,"Non-Native 24","Non-Native"
"14282","PictureAccept",-0.5,3,0,2120,"Non-Native 24","Non-Native"
"14290","PictureAccept",-0.5,12,0,6186,"Non-Native 24","Non-Native"
"14314","PictureAccept",-0.5,2,1,3827,"Non-Native 24","Non-Native"
"14322","PictureAccept",-0.5,18,0,3676,"Non-Native 24","Non-Native"
"14330","PictureAccept",-0.5,5,0,2345,"Non-Native 24","Non-Native"
"14334","PictureAccept",-0.5,11,0,4087,"Non-Native 24","Non-Native"
"14350","PictureAccept",-0.5,8,0,2334,"Non-Native 25","Non-Native"
"14366","PictureAccept",-0.5,10,1,5624,"Non-Native 25","Non-Native"
"14450","PictureAccept",-0.5,5,0,1891,"Non-Native 25","Non-Native"
"14466","PictureAccept",-0.5,17,1,1940,"Non-Native 25","Non-Native"
"14486","PictureAccept",-0.5,16,0,4078,"Non-Native 25","Non-Native"
"14494","PictureAccept",-0.5,14,1,3229,"Non-Native 25","Non-Native"
"14506","PictureAccept",-0.5,4,0,5987,"Non-Native 25","Non-Native"
"14538","PictureAccept",-0.5,13,1,5170,"Non-Native 25","Non-Native"
"14546","PictureAccept",-0.5,2,0,8378,"Non-Native 25","Non-Native"
"14550","PictureAccept",-0.5,11,0,2305,"Non-Native 25","Non-Native"
"14554","PictureAccept",-0.5,1,1,3178,"Non-Native 25","Non-Native"
"14578","PictureAccept",-0.5,6,0,3955,"Non-Native 26","Non-Native"
"14586","PictureAccept",-0.5,4,1,1402,"Non-Native 26","Non-Native"
"14634","PictureAccept",-0.5,3,1,1465,"Non-Native 26","Non-Native"
"14654","PictureAccept",-0.5,15,0,3643,"Non-Native 26","Non-Native"
"14670","PictureAccept",-0.5,12,1,1531,"Non-Native 26","Non-Native"
"14714","PictureAccept",-0.5,13,1,1248,"Non-Native 26","Non-Native"
"14734","PictureAccept",-0.5,18,0,2612,"Non-Native 26","Non-Native"
"14738","PictureAccept",-0.5,1,1,3074,"Non-Native 26","Non-Native"
"14758","PictureAccept",-0.5,9,1,1424,"Non-Native 26","Non-Native"
"14770","PictureAccept",-0.5,16,1,1560,"Non-Native 26","Non-Native"
"14778","PictureAccept",-0.5,7,1,1736,"Non-Native 26","Non-Native"
"14782","PictureAccept",-0.5,10,1,1268,"Non-Native 26","Non-Native"
"14822","PictureAccept",-0.5,18,1,3601,"Non-Native 27","Non-Native"
"14850","PictureAccept",-0.5,3,1,2102,"Non-Native 27","Non-Native"
"14854","PictureAccept",-0.5,2,1,1338,"Non-Native 27","Non-Native"
"14858","PictureAccept",-0.5,14,1,4225,"Non-Native 27","Non-Native"
"14862","PictureAccept",-0.5,11,1,4145,"Non-Native 27","Non-Native"
"14882","PictureAccept",-0.5,15,1,5013,"Non-Native 27","Non-Native"
"14890","PictureAccept",-0.5,12,1,1719,"Non-Native 27","Non-Native"
"14958","PictureAccept",-0.5,8,1,2102,"Non-Native 27","Non-Native"
"14962","PictureAccept",-0.5,9,1,3117,"Non-Native 27","Non-Native"
"14978","PictureAccept",-0.5,17,1,2546,"Non-Native 27","Non-Native"
"14986","PictureAccept",-0.5,5,1,1133,"Non-Native 27","Non-Native"
"15002","PictureAccept",-0.5,6,1,2475,"Non-Native 27","Non-Native"
"15026","PictureAccept",-0.5,2,1,2823,"Non-Native 28","Non-Native"
"15038","PictureAccept",-0.5,17,1,2957,"Non-Native 28","Non-Native"
"15058","PictureAccept",-0.5,8,1,2100,"Non-Native 28","Non-Native"
"15098","PictureAccept",-0.5,5,0,1734,"Non-Native 28","Non-Native"
"15126","PictureAccept",-0.5,4,1,1142,"Non-Native 28","Non-Native"
"15150","PictureAccept",-0.5,11,1,1925,"Non-Native 28","Non-Native"
"15158","PictureAccept",-0.5,14,1,2510,"Non-Native 28","Non-Native"
"15166","PictureAccept",-0.5,1,0,1020,"Non-Native 28","Non-Native"
"15174","PictureAccept",-0.5,7,1,1581,"Non-Native 28","Non-Native"
"15202","PictureAccept",-0.5,10,0,6315,"Non-Native 28","Non-Native"
"15210","PictureAccept",-0.5,16,1,1276,"Non-Native 28","Non-Native"
"15226","PictureAccept",-0.5,13,1,1468,"Non-Native 28","Non-Native"
"15248","PictureAccept",-0.5,13,1,4103,"Non-Native 29","Non-Native"
"15260","PictureAccept",-0.5,6,0,3975,"Non-Native 29","Non-Native"
"15272","PictureAccept",-0.5,16,0,1893,"Non-Native 29","Non-Native"
"15308","PictureAccept",-0.5,9,0,3570,"Non-Native 29","Non-Native"
"15332","PictureAccept",-0.5,15,0,3452,"Non-Native 29","Non-Native"
"15336","PictureAccept",-0.5,1,1,3019,"Non-Native 29","Non-Native"
"15380","PictureAccept",-0.5,18,0,1661,"Non-Native 29","Non-Native"
"15416","PictureAccept",-0.5,10,0,1207,"Non-Native 29","Non-Native"
"15444","PictureAccept",-0.5,7,1,4138,"Non-Native 29","Non-Native"
"15448","PictureAccept",-0.5,3,0,2146,"Non-Native 29","Non-Native"
"15452","PictureAccept",-0.5,4,1,1717,"Non-Native 29","Non-Native"
"15456","PictureAccept",-0.5,12,1,1657,"Non-Native 29","Non-Native"
"15466","PictureAccept",-0.5,14,0,3962,"Non-Native 30","Non-Native"
"15474","PictureAccept",-0.5,6,1,2281,"Non-Native 30","Non-Native"
"15530","PictureAccept",-0.5,17,0,2025,"Non-Native 30","Non-Native"
"15534","PictureAccept",-0.5,15,0,3982,"Non-Native 30","Non-Native"
"15550","PictureAccept",-0.5,5,1,3835,"Non-Native 30","Non-Native"
"15566","PictureAccept",-0.5,12,0,2338,"Non-Native 30","Non-Native"
"15590","PictureAccept",-0.5,8,1,1754,"Non-Native 30","Non-Native"
"15610","PictureAccept",-0.5,11,0,2083,"Non-Native 30","Non-Native"
"15622","PictureAccept",-0.5,18,0,1106,"Non-Native 30","Non-Native"
"15630","PictureAccept",-0.5,3,0,3935,"Non-Native 30","Non-Native"
"15670","PictureAccept",-0.5,2,0,1536,"Non-Native 30","Non-Native"
"15678","PictureAccept",-0.5,9,0,4124,"Non-Native 30","Non-Native"
"15692","PictureAccept",-0.5,10,0,12318,"Non-Native 31","Non-Native"
"15696","PictureAccept",-0.5,4,0,2919,"Non-Native 31","Non-Native"
"15716","PictureAccept",-0.5,11,1,13309,"Non-Native 31","Non-Native"
"15744","PictureAccept",-0.5,17,1,4149,"Non-Native 31","Non-Native"
"15756","PictureAccept",-0.5,5,1,2844,"Non-Native 31","Non-Native"
"15764","PictureAccept",-0.5,16,0,1643,"Non-Native 31","Non-Native"
"15776","PictureAccept",-0.5,8,0,4130,"Non-Native 31","Non-Native"
"15784","PictureAccept",-0.5,7,0,3251,"Non-Native 31","Non-Native"
"15812","PictureAccept",-0.5,14,1,2723,"Non-Native 31","Non-Native"
"15860","PictureAccept",-0.5,2,1,2595,"Non-Native 31","Non-Native"
"15872","PictureAccept",-0.5,1,1,5173,"Non-Native 31","Non-Native"
"15880","PictureAccept",-0.5,13,0,24397,"Non-Native 31","Non-Native"
"15920","PictureAccept",-0.5,6,0,6024,"Non-Native 32","Non-Native"
"15944","PictureAccept",-0.5,10,1,4656,"Non-Native 32","Non-Native"
"15956","PictureAccept",-0.5,7,0,1964,"Non-Native 32","Non-Native"
"15968","PictureAccept",-0.5,15,1,7584,"Non-Native 32","Non-Native"
"15972","PictureAccept",-0.5,16,1,2329,"Non-Native 32","Non-Native"
"15980","PictureAccept",-0.5,3,1,5118,"Non-Native 32","Non-Native"
"15996","PictureAccept",-0.5,9,1,3683,"Non-Native 32","Non-Native"
"16056","PictureAccept",-0.5,4,0,5015,"Non-Native 32","Non-Native"
"16072","PictureAccept",-0.5,18,0,3404,"Non-Native 32","Non-Native"
"16084","PictureAccept",-0.5,13,1,2380,"Non-Native 32","Non-Native"
"16104","PictureAccept",-0.5,1,1,6392,"Non-Native 32","Non-Native"
"16112","PictureAccept",-0.5,12,0,2479,"Non-Native 32","Non-Native"
"16146","PictureAccept",-0.5,2,1,2314,"Non-Native 33","Non-Native"
"16166","PictureAccept",-0.5,11,1,2758,"Non-Native 33","Non-Native"
"16198","PictureAccept",-0.5,15,1,3224,"Non-Native 33","Non-Native"
"16230","PictureAccept",-0.5,12,1,1387,"Non-Native 33","Non-Native"
"16246","PictureAccept",-0.5,18,1,1465,"Non-Native 33","Non-Native"
"16254","PictureAccept",-0.5,14,1,1233,"Non-Native 33","Non-Native"
"16266","PictureAccept",-0.5,5,1,1566,"Non-Native 33","Non-Native"
"16274","PictureAccept",-0.5,3,1,1502,"Non-Native 33","Non-Native"
"16278","PictureAccept",-0.5,6,1,2018,"Non-Native 33","Non-Native"
"16286","PictureAccept",-0.5,17,1,1432,"Non-Native 33","Non-Native"
"16306","PictureAccept",-0.5,9,1,1302,"Non-Native 33","Non-Native"
"16326","PictureAccept",-0.5,8,1,1153,"Non-Native 33","Non-Native"
"16372","PictureAccept",-0.5,4,0,5240,"Non-Native 34","Non-Native"
"16396","PictureAccept",-0.5,16,0,1945,"Non-Native 34","Non-Native"
"16400","PictureAccept",-0.5,11,1,5592,"Non-Native 34","Non-Native"
"16424","PictureAccept",-0.5,10,0,5683,"Non-Native 34","Non-Native"
"16464","PictureAccept",-0.5,2,1,3099,"Non-Native 34","Non-Native"
"16480","PictureAccept",-0.5,17,0,2600,"Non-Native 34","Non-Native"
"16484","PictureAccept",-0.5,14,1,2824,"Non-Native 34","Non-Native"
"16500","PictureAccept",-0.5,7,0,1867,"Non-Native 34","Non-Native"
"16520","PictureAccept",-0.5,13,0,2738,"Non-Native 34","Non-Native"
"16536","PictureAccept",-0.5,5,1,1524,"Non-Native 34","Non-Native"
"16548","PictureAccept",-0.5,8,1,5224,"Non-Native 34","Non-Native"
"16576","PictureAccept",-0.5,1,1,2083,"Non-Native 34","Non-Native"
"16594","PictureAccept",-0.5,9,0,3206,"Non-Native 35","Non-Native"
"16610","PictureAccept",-0.5,10,0,3915,"Non-Native 35","Non-Native"
"16618","PictureAccept",-0.5,13,1,2530,"Non-Native 35","Non-Native"
"16630","PictureAccept",-0.5,6,1,1903,"Non-Native 35","Non-Native"
"16634","PictureAccept",-0.5,3,0,3675,"Non-Native 35","Non-Native"
"16642","PictureAccept",-0.5,18,0,6705,"Non-Native 35","Non-Native"
"16650","PictureAccept",-0.5,16,1,2715,"Non-Native 35","Non-Native"
"16662","PictureAccept",-0.5,4,1,1315,"Non-Native 35","Non-Native"
"16674","PictureAccept",-0.5,12,1,2476,"Non-Native 35","Non-Native"
"16686","PictureAccept",-0.5,15,1,2546,"Non-Native 35","Non-Native"
"16714","PictureAccept",-0.5,1,1,3301,"Non-Native 35","Non-Native"
"16738","PictureAccept",-0.5,7,1,3924,"Non-Native 35","Non-Native"
"16836","PictureAccept",-0.5,14,0,9042,"Non-Native 36","Non-Native"
"16844","PictureAccept",-0.5,12,1,5638,"Non-Native 36","Non-Native"
"16864","PictureAccept",-0.5,17,1,1973,"Non-Native 36","Non-Native"
"16876","PictureAccept",-0.5,15,1,2271,"Non-Native 36","Non-Native"
"16892","PictureAccept",-0.5,5,0,1794,"Non-Native 36","Non-Native"
"16912","PictureAccept",-0.5,18,1,3103,"Non-Native 36","Non-Native"
"16924","PictureAccept",-0.5,3,0,5458,"Non-Native 36","Non-Native"
"16956","PictureAccept",-0.5,6,1,1741,"Non-Native 36","Non-Native"
"16972","PictureAccept",-0.5,2,1,8118,"Non-Native 36","Non-Native"
"16984","PictureAccept",-0.5,11,1,6601,"Non-Native 36","Non-Native"
"16996","PictureAccept",-0.5,8,0,1418,"Non-Native 36","Non-Native"
"17008","PictureAccept",-0.5,9,0,1589,"Non-Native 36","Non-Native"
"17038","PictureAccept",-0.5,13,1,1643,"Non-Native 37","Non-Native"
"17070","PictureAccept",-0.5,16,1,2982,"Non-Native 37","Non-Native"
"17082","PictureAccept",-0.5,7,1,3141,"Non-Native 37","Non-Native"
"17106","PictureAccept",-0.5,4,1,1110,"Non-Native 37","Non-Native"
"17122","PictureAccept",-0.5,2,1,3487,"Non-Native 37","Non-Native"
"17134","PictureAccept",-0.5,8,0,1784,"Non-Native 37","Non-Native"
"17146","PictureAccept",-0.5,17,0,4515,"Non-Native 37","Non-Native"
"17162","PictureAccept",-0.5,11,1,2893,"Non-Native 37","Non-Native"
"17170","PictureAccept",-0.5,5,0,1417,"Non-Native 37","Non-Native"
"17174","PictureAccept",-0.5,14,1,5439,"Non-Native 37","Non-Native"
"17178","PictureAccept",-0.5,10,1,2957,"Non-Native 37","Non-Native"
"17218","PictureAccept",-0.5,1,1,3267,"Non-Native 37","Non-Native"
"17266","PictureAccept",-0.5,13,1,3221,"Non-Native 38","Non-Native"
"17294","PictureAccept",-0.5,9,0,3569,"Non-Native 38","Non-Native"
"17318","PictureAccept",-0.5,3,1,2775,"Non-Native 38","Non-Native"
"17342","PictureAccept",-0.5,12,1,2613,"Non-Native 38","Non-Native"
"17358","PictureAccept",-0.5,1,1,4700,"Non-Native 38","Non-Native"
"17362","PictureAccept",-0.5,6,0,2146,"Non-Native 38","Non-Native"
"17374","PictureAccept",-0.5,10,1,2821,"Non-Native 38","Non-Native"
"17394","PictureAccept",-0.5,7,1,2757,"Non-Native 38","Non-Native"
"17422","PictureAccept",-0.5,18,1,2393,"Non-Native 38","Non-Native"
"17430","PictureAccept",-0.5,16,1,3125,"Non-Native 38","Non-Native"
"17442","PictureAccept",-0.5,4,1,1372,"Non-Native 38","Non-Native"
"17470","PictureAccept",-0.5,15,1,7023,"Non-Native 38","Non-Native"
"17482","PictureAccept",-0.5,18,0,3374,"Non-Native 39","Non-Native"
"17506","PictureAccept",-0.5,12,1,2881,"Non-Native 39","Non-Native"
"17530","PictureAccept",-0.5,11,1,2846,"Non-Native 39","Non-Native"
"17570","PictureAccept",-0.5,2,0,5340,"Non-Native 39","Non-Native"
"17586","PictureAccept",-0.5,15,1,10791,"Non-Native 39","Non-Native"
"17638","PictureAccept",-0.5,17,1,3759,"Non-Native 39","Non-Native"
"17666","PictureAccept",-0.5,9,1,1526,"Non-Native 39","Non-Native"
"17670","PictureAccept",-0.5,6,0,4033,"Non-Native 39","Non-Native"
"17674","PictureAccept",-0.5,8,0,1945,"Non-Native 39","Non-Native"
"17678","PictureAccept",-0.5,3,1,3141,"Non-Native 39","Non-Native"
"17690","PictureAccept",-0.5,5,0,1499,"Non-Native 39","Non-Native"
"17694","PictureAccept",-0.5,14,1,3991,"Non-Native 39","Non-Native"
"17770","PictureAccept",-0.5,14,1,3574,"Non-Native 40","Non-Native"
"17774","PictureAccept",-0.5,17,1,3065,"Non-Native 40","Non-Native"
"17778","PictureAccept",-0.5,7,1,2497,"Non-Native 40","Non-Native"
"17798","PictureAccept",-0.5,10,1,2046,"Non-Native 40","Non-Native"
"17806","PictureAccept",-0.5,11,0,4751,"Non-Native 40","Non-Native"
"17846","PictureAccept",-0.5,13,1,2685,"Non-Native 40","Non-Native"
"17854","PictureAccept",-0.5,16,0,3334,"Non-Native 40","Non-Native"
"17866","PictureAccept",-0.5,1,1,2128,"Non-Native 40","Non-Native"
"17874","PictureAccept",-0.5,2,1,1811,"Non-Native 40","Non-Native"
"17886","PictureAccept",-0.5,5,1,1258,"Non-Native 40","Non-Native"
"17894","PictureAccept",-0.5,4,1,1069,"Non-Native 40","Non-Native"
"17898","PictureAccept",-0.5,8,1,3572,"Non-Native 40","Non-Native"
